<?xml version="1.0" encoding="UTF-8" standalone="no"?>
<!--
  ~ Copyright (c) 2015. Hope6537 The Founder of Lab.JiChuang ,ChangChun University,
  ~ JiLin Province,China
  ~ JiChuang CloudStroage is a maven webapp using Hadoop Distributed File System for storage ' s Cloud Stroage System
  -->

<!DOCTYPE mapper PUBLIC "-//mybatis.org//DTD iBatis Mapper 3.0 //EN" "http://mybatis.org/dtd/mybatis-3-mapper.dtd">
<mapper namespace="org.hope6537.manager.dao.ManagerDao">

    <insert id="addEntry">
        INSERT INTO manager (name,account,password,status,created,updated,isDeleted,extra) VALUES
        (#{name},#{account},#{password},#{status},#{created},#{updated},#{isDeleted},#{extra});
        <selectKey resultType="string" keyProperty="id">
            SELECT LAST_INSERT_ID()
        </selectKey>
    </insert>


    <update id="updateEntry">
        UPDATE manager SET updated = UNIX_TIMESTAMP()
        <if test="name!=null and name!=''">
            ,name=#{name}
        </if>
        <if test="account!=null and account!=''">
            ,account=#{account}
        </if>
        <if test="password!=null and password!=''">
            ,password=#{password}
        </if>
        <if test="status!=null and status!=''">
            ,status=#{status}
        </if>
        <if test="extra!=null and extra!=''">
            ,extra=#{extra}
        </if>
        <if test="isDeleted!=null and isDeleted!=''">
            ,isDeleted=#{isDeleted}
        </if>
        WHERE id=#{id}
    </update>

    <update id="disableEntry">
        UPDATE manager
        SET updated = UNIX_TIMESTAMP(),status = '1'
        WHERE id = #{id}
    </update>

    <delete id="deleteEntry">
        UPDATE manager SET updated = UNIX_TIMESTAMP()
        <if test="isDeleted!=null and isDeleted!=''">
            ,isDeleted=#{isDeleted}
        </if>
        WHERE id=#{id}
    </delete>

    <select id="getEntryById" resultType="org.hope6537.manager.dataobject.ManagerDO">
        SELECT *
        FROM manager
        WHERE id = #{id}
    </select>

    <select id="getEntryListByEntry" resultType="org.hope6537.manager.dataobject.ManagerDO">
        SELECT * FROM manager
        WHERE isDeleted=0
        <if test="name!=null and name !=''">
            and name = #{name}
        </if>
        <if test="account!=null and account !=''">
            and account = #{account}
        </if>
        <if test="password!=null and password !=''">
            and password = #{password}
        </if>
        <if test="status!=null and status!=''">
            and status = #{status}
        </if>
    </select>

</mapper>