<!--
 - Copyright 1999-2011 Alibaba Group.
 -  
 - Licensed under the Apache License, Version 2.0 (the "License");
 - you may not use this file except in compliance with the License.
 - You may obtain a copy of the License at
 -  
 -      http://www.apache.org/licenses/LICENSE-2.0
 -  
 - Unless required by applicable law or agreed to in writing, software
 - distributed under the License is distributed on an "AS IS" BASIS,
 - WITHOUT WARRANTIES OR CONDITIONS OF ANY KIND, either express or implied.
 - See the License for the specific language governing permissions and
 - limitations under the License.
-->
<beans xmlns="http://www.springframework.org/schema/beans"
	xmlns:xsi="http://www.w3.org/2001/XMLSchema-instance"
	xmlns:dubbo="http://code.alibabatech.com/schema/dubbo"
	xsi:schemaLocation="http://www.springframework.org/schema/beans http://www.springframework.org/schema/beans/spring-beans-2.5.xsd
	http://code.alibabatech.com/schema/dubbo http://code.alibabatech.com/schema/dubbo/dubbo.xsd">
	
	<bean class="org.springframework.beans.factory.config.PropertyPlaceholderConfigurer">
        <property name="systemPropertiesModeName" value="SYSTEM_PROPERTIES_MODE_OVERRIDE" />
        <property name="location" value="classpath:dubbo.properties" />
    </bean>
	
	<bean id="monitorService" class="com.alibaba.dubbo.monitor.simple.SimpleMonitorService">
		<property name="statisticsDirectory" value="${dubbo.statistics.directory}" />
		<property name="chartsDirectory" value="${dubbo.charts.directory}" />
	</bean>
	
	<dubbo:application name="${dubbo.application.name}" owner="${dubbo.application.owner}" />
	
	<dubbo:registry address="${dubbo.registry.address}" />
	
	<dubbo:protocol name="dubbo" port="${dubbo.protocol.port}" />
	
	<dubbo:service interface="com.alibaba.dubbo.monitor.MonitorService" ref="monitorService" delay="-1" />
	
	<dubbo:reference id="registryService" interface="com.alibaba.dubbo.registry.RegistryService" />
	
</beans>