<?xml version="1.0" encoding="UTF-8"?>
<configuration>
    <appender name="console" class="ch.qos.logback.core.ConsoleAppender">
        <encoder>
            <pattern>%level %m%n</pattern>
        </encoder>
    </appender>

    <logger name="org.springframework" level="error"/>
    <logger name="org.directwebremoting" level="error"/>
    <logger name="org.mybatis.spring" level="error"/>
    <!--如需显示sql，将下面这行调整成debug即可-->
    <logger name="org.hope6537" level="debug"/>

    <root level="debug">
        <appender-ref ref="console"/>
    </root>
</configuration>